{
	"Gate Swap" : [],
	"Ref Des" : [
		{
			"Name" : "C3",
			"C_PATH" : "@bpollock_subsystem.schematic1(sch_1):ins11740@discrete.\\cap np.normal\\(chips)",
			"Logical" : "C3",
			"Physical" : "C4"
		}
	],
	"Pin Swap" : [
		{
			"Name" : "F4.1",
			"C_PATH" : "@bpollock_subsystem.schematic1(sch_1):ins43015@orcadcaptureolb_fuse.\\03540101zxgy.normal\\(sch_1):\\1\\",
			"Logical" : "F4.1",
			"Physical" : "F4.2"
		},
		{
			"Name" : "F5.2",
			"C_PATH" : "@bpollock_subsystem.schematic1(sch_1):ins43114@orcadcaptureolb_fuse.\\03540101zxgy.normal\\(sch_1):\\2\\",
			"Logical" : "F5.2",
			"Physical" : "F5.1"
		}
	],
	"Component Property" : [],
	"Net Property" : [],
	"Pin Property" : [],
	"Component" : [
		{
			"Name" : "C3",
			"C_PATH" : "@bpollock_subsystem.schematic1(sch_1):ins10946@discrete.\\cap np.normal\\(chips)",
			"Logical" : null,
			"Physical" : "C3"
		},
		{
			"Name" : "C6",
			"C_PATH" : "@bpollock_subsystem.schematic1(sch_1):ins10867@discrete.\\cap np.normal\\(chips)",
			"Logical" : null,
			"Physical" : "C6"
		},
		{
			"Name" : "U3",
			"C_PATH" : "@bpollock_subsystem.schematic1(sch_1):ins29815@bpollock_subsystem.\\btm9011ep_bmp_0.normal\\(chips)",
			"Logical" : null,
			"Physical" : "U3"
		},
		{
			"Name" : "U4",
			"C_PATH" : "@bpollock_subsystem.schematic1(sch_1):ins29970@bpollock_subsystem.\\btm9011ep_bmp_0.normal\\(chips)",
			"Logical" : null,
			"Physical" : "U4"
		},
		{
			"Name" : "TP6",
			"C_PATH" : "@bpollock_subsystem.schematic1(sch_1):ins54295@discrete.\\t point s.normal\\(chips)",
			"Logical" : "TP6",
			"Physical" : null
		},
		{
			"Name" : "U3",
			"C_PATH" : "@bpollock_subsystem.schematic1(sch_1):ins61887@ifx9201sgauma1_motordriver.\\ifx9201sgauma1.normal\\(chips)",
			"Logical" : "U3",
			"Physical" : null
		},
		{
			"Name" : "U4",
			"C_PATH" : "@bpollock_subsystem.schematic1(sch_1):ins66196@ifx9201sgauma1_motordriver.\\ifx9201sgauma1.normal\\(chips)",
			"Logical" : "U4",
			"Physical" : null
		}
	],
	"Net" : [
		{
			"Name" : "RB4",
			"C_PATH" : "@bpollock_subsystem.schematic1(sch_1):rb4",
			"Logical" : null,
			"Physical" : "RB4"
		},
		{
			"Name" : "RB3",
			"C_PATH" : "@bpollock_subsystem.schematic1(sch_1):rb3",
			"Logical" : null,
			"Physical" : "RB3"
		},
		{
			"Name" : "RB2",
			"C_PATH" : "@bpollock_subsystem.schematic1(sch_1):rb2",
			"Logical" : null,
			"Physical" : "RB2"
		},
		{
			"Name" : "RB0-LED1",
			"C_PATH" : "@bpollock_subsystem.schematic1(sch_1):\\rb0-led1\\",
			"Logical" : null,
			"Physical" : "RB0-LED1"
		},
		{
			"Name" : "RA1-IS2",
			"C_PATH" : "@bpollock_subsystem.schematic1(sch_1):\\ra1-is2\\",
			"Logical" : null,
			"Physical" : "RA1-IS2"
		},
		{
			"Name" : "N12183",
			"C_PATH" : "@bpollock_subsystem.schematic1(sch_1):n12183",
			"Logical" : null,
			"Physical" : "N12183"
		},
		{
			"Name" : "RA0-IS1",
			"C_PATH" : "@bpollock_subsystem.schematic1(sch_1):\\ra0-is1\\",
			"Logical" : null,
			"Physical" : "RA0-IS1"
		},
		{
			"Name" : "N12528",
			"C_PATH" : "@bpollock_subsystem.schematic1(sch_1):n12528",
			"Logical" : null,
			"Physical" : "N12528"
		},
		{
			"Name" : "RA7",
			"C_PATH" : "@bpollock_subsystem.schematic1(sch_1):ra7",
			"Logical" : "RA7",
			"Physical" : null
		},
		{
			"Name" : "RA6",
			"C_PATH" : "@bpollock_subsystem.schematic1(sch_1):ra6",
			"Logical" : "RA6",
			"Physical" : null
		},
		{
			"Name" : "N63666",
			"C_PATH" : "@bpollock_subsystem.schematic1(sch_1):n63666",
			"Logical" : "N63666",
			"Physical" : null
		},
		{
			"Name" : "N66749",
			"C_PATH" : "@bpollock_subsystem.schematic1(sch_1):n66749",
			"Logical" : "N66749",
			"Physical" : null
		},
		{
			"Name" : "RB2-SDI2",
			"C_PATH" : "@bpollock_subsystem.schematic1(sch_1):\\rb2-sdi2\\",
			"Logical" : "RB2-SDI2",
			"Physical" : null
		},
		{
			"Name" : "RB3-SDO2",
			"C_PATH" : "@bpollock_subsystem.schematic1(sch_1):\\rb3-sdo2\\",
			"Logical" : "RB3-SDO2",
			"Physical" : null
		},
		{
			"Name" : "RB1-CSK2",
			"C_PATH" : "@bpollock_subsystem.schematic1(sch_1):\\rb1-csk2\\",
			"Logical" : "RB1-CSK2",
			"Physical" : null
		},
		{
			"Name" : "RB4-LED1",
			"C_PATH" : "@bpollock_subsystem.schematic1(sch_1):\\rb4-led1\\",
			"Logical" : "RB4-LED1",
			"Physical" : null
		},
		{
			"Name" : "RB0-LED2",
			"C_PATH" : "@bpollock_subsystem.schematic1(sch_1):\\rb0-led2\\",
			"Logical" : "RB0-LED2",
			"Physical" : null
		},
		{
			"Name" : "RA0-CSN1",
			"C_PATH" : "@bpollock_subsystem.schematic1(sch_1):\\ra0-csn1\\",
			"Logical" : "RA0-CSN1",
			"Physical" : null
		},
		{
			"Name" : "RA1-CSN2",
			"C_PATH" : "@bpollock_subsystem.schematic1(sch_1):\\ra1-csn2\\",
			"Logical" : "RA1-CSN2",
			"Physical" : null
		}
	],
	"Connection" : [
		{
			"Name" : "C4.1",
			"C_PATH" : "@bpollock_subsystem.schematic1(sch_1):ins11740@discrete.\\cap np.normal\\(chips):\\1\\",
			"Logical" : "3.3V",
			"Physical" : "N12528"
		},
		{
			"Name" : "C5.1",
			"C_PATH" : "@bpollock_subsystem.schematic1(sch_1):ins11642@discrete.\\cap np.normal\\(chips):\\1\\",
			"Logical" : "3.3V",
			"Physical" : "N12183"
		},
		{
			"Name" : "D2.2",
			"C_PATH" : "@bpollock_subsystem.schematic1(sch_1):ins14970@discrete.\\led.normal\\(chips):ANODE",
			"Logical" : "RB4-LED1",
			"Physical" : "RB0-LED1"
		},
		{
			"Name" : "D3.2",
			"C_PATH" : "@bpollock_subsystem.schematic1(sch_1):ins14954@discrete.\\led.normal\\(chips):ANODE",
			"Logical" : "RB0-LED2",
			"Physical" : "RB1-LED2"
		},
		{
			"Name" : "F4.1",
			"C_PATH" : "@bpollock_subsystem.schematic1(sch_1):ins43015@orcadcaptureolb_fuse.\\03540101zxgy.normal\\(sch_1):\\1\\",
			"Logical" : "+12VRAW",
			"Physical" : "N12528"
		},
		{
			"Name" : "F4.2",
			"C_PATH" : "@bpollock_subsystem.schematic1(sch_1):ins43015@orcadcaptureolb_fuse.\\03540101zxgy.normal\\(sch_1):\\2\\",
			"Logical" : "N63666",
			"Physical" : "+12VRAW"
		},
		{
			"Name" : "F5.2",
			"C_PATH" : "@bpollock_subsystem.schematic1(sch_1):ins43114@orcadcaptureolb_fuse.\\03540101zxgy.normal\\(sch_1):\\2\\",
			"Logical" : "+12VRAW",
			"Physical" : "N12183"
		},
		{
			"Name" : "F5.1",
			"C_PATH" : "@bpollock_subsystem.schematic1(sch_1):ins43114@orcadcaptureolb_fuse.\\03540101zxgy.normal\\(sch_1):\\1\\",
			"Logical" : "N66749",
			"Physical" : "+12VRAW"
		},
		{
			"Name" : "J5.5",
			"C_PATH" : "@bpollock_subsystem.schematic1(sch_1):ins15359@connector.\\8 header.normal\\(chips):\\5\\",
			"Logical" : "RA7",
			"Physical" : "RB2"
		},
		{
			"Name" : "J5.6",
			"C_PATH" : "@bpollock_subsystem.schematic1(sch_1):ins15359@connector.\\8 header.normal\\(chips):\\6\\",
			"Logical" : "RA6",
			"Physical" : "RB3"
		},
		{
			"Name" : "J5.7",
			"C_PATH" : "@bpollock_subsystem.schematic1(sch_1):ins15359@connector.\\8 header.normal\\(chips):\\7\\",
			"Logical" : "GND",
			"Physical" : "RB4"
		},
		{
			"Name" : "TP6.1",
			"C_PATH" : "@bpollock_subsystem.schematic1(sch_1):ins54295@discrete.\\t point s.normal\\(chips):TP",
			"Logical" : "OUT1A",
			"Physical" : null
		},
		{
			"Name" : "U1.9",
			"C_PATH" : "@bpollock_subsystem.schematic1(sch_1):ins1711@bmp_customparts.\\pic18f27q84-iso_bmp.normal\\(chips):RA7",
			"Logical" : "RA7",
			"Physical" : "NC"
		},
		{
			"Name" : "U1.10",
			"C_PATH" : "@bpollock_subsystem.schematic1(sch_1):ins1711@bmp_customparts.\\pic18f27q84-iso_bmp.normal\\(chips):RA6",
			"Logical" : "RA6",
			"Physical" : "NC"
		},
		{
			"Name" : "U1.23",
			"C_PATH" : "@bpollock_subsystem.schematic1(sch_1):ins1711@bmp_customparts.\\pic18f27q84-iso_bmp.normal\\(chips):RB2",
			"Logical" : "RB2-SDI2",
			"Physical" : "RB2"
		},
		{
			"Name" : "U1.24",
			"C_PATH" : "@bpollock_subsystem.schematic1(sch_1):ins1711@bmp_customparts.\\pic18f27q84-iso_bmp.normal\\(chips):RB3",
			"Logical" : "RB3-SDO2",
			"Physical" : "RB3"
		},
		{
			"Name" : "U1.22",
			"C_PATH" : "@bpollock_subsystem.schematic1(sch_1):ins1711@bmp_customparts.\\pic18f27q84-iso_bmp.normal\\(chips):RB1",
			"Logical" : "RB1-CSK2",
			"Physical" : "RB1-LED2"
		},
		{
			"Name" : "U1.25",
			"C_PATH" : "@bpollock_subsystem.schematic1(sch_1):ins1711@bmp_customparts.\\pic18f27q84-iso_bmp.normal\\(chips):RB4",
			"Logical" : "RB4-LED1",
			"Physical" : "RB4"
		},
		{
			"Name" : "U1.21",
			"C_PATH" : "@bpollock_subsystem.schematic1(sch_1):ins1711@bmp_customparts.\\pic18f27q84-iso_bmp.normal\\(chips):RB0",
			"Logical" : "RB0-LED2",
			"Physical" : "RB0-LED1"
		},
		{
			"Name" : "U1.2",
			"C_PATH" : "@bpollock_subsystem.schematic1(sch_1):ins1711@bmp_customparts.\\pic18f27q84-iso_bmp.normal\\(chips):RA0",
			"Logical" : "RA0-CSN1",
			"Physical" : "RA0-IS1"
		},
		{
			"Name" : "U1.3",
			"C_PATH" : "@bpollock_subsystem.schematic1(sch_1):ins1711@bmp_customparts.\\pic18f27q84-iso_bmp.normal\\(chips):RA1",
			"Logical" : "RA1-CSN2",
			"Physical" : "RA1-IS2"
		},
		{
			"Name" : "U3.8",
			"C_PATH" : "@bpollock_subsystem.schematic1(sch_1):ins61887@ifx9201sgauma1_motordriver.\\ifx9201sgauma1.normal\\(chips):SI",
			"Logical" : "RC5-MOSI",
			"Physical" : null
		},
		{
			"Name" : "U3.3",
			"C_PATH" : "@bpollock_subsystem.schematic1(sch_1):ins61887@ifx9201sgauma1_motordriver.\\ifx9201sgauma1.normal\\(chips):SO",
			"Logical" : "RC4-SDI1",
			"Physical" : null
		},
		{
			"Name" : "U3.10",
			"C_PATH" : "@bpollock_subsystem.schematic1(sch_1):ins61887@ifx9201sgauma1_motordriver.\\ifx9201sgauma1.normal\\(chips):SCK",
			"Logical" : "RC3-SCK",
			"Physical" : null
		},
		{
			"Name" : "U3.2",
			"C_PATH" : "@bpollock_subsystem.schematic1(sch_1):ins61887@ifx9201sgauma1_motordriver.\\ifx9201sgauma1.normal\\(chips):VSO",
			"Logical" : "3.3V",
			"Physical" : null
		},
		{
			"Name" : "U3.7",
			"C_PATH" : "@bpollock_subsystem.schematic1(sch_1):ins61887@ifx9201sgauma1_motordriver.\\ifx9201sgauma1.normal\\(chips):OUT2",
			"Logical" : "OUT1B",
			"Physical" : null
		},
		{
			"Name" : "U3.13",
			"C_PATH" : "@bpollock_subsystem.schematic1(sch_1):ins61887@ifx9201sgauma1_motordriver.\\ifx9201sgauma1.normal\\(chips):\\ep#13\\",
			"Logical" : "GND",
			"Physical" : null
		},
		{
			"Name" : "U3.11",
			"C_PATH" : "@bpollock_subsystem.schematic1(sch_1):ins61887@ifx9201sgauma1_motordriver.\\ifx9201sgauma1.normal\\(chips):DIS",
			"Logical" : "GND",
			"Physical" : null
		},
		{
			"Name" : "U3.1",
			"C_PATH" : "@bpollock_subsystem.schematic1(sch_1):ins61887@ifx9201sgauma1_motordriver.\\ifx9201sgauma1.normal\\(chips):DIR",
			"Logical" : "GND",
			"Physical" : null
		},
		{
			"Name" : "U3.12",
			"C_PATH" : "@bpollock_subsystem.schematic1(sch_1):ins61887@ifx9201sgauma1_motordriver.\\ifx9201sgauma1.normal\\(chips):PWM",
			"Logical" : "GND",
			"Physical" : null
		},
		{
			"Name" : "U3.13.1",
			"C_PATH" : "@bpollock_subsystem.schematic1(sch_1):ins61887@ifx9201sgauma1_motordriver.\\ifx9201sgauma1.normal\\(chips):\\ep#13.1\\",
			"Logical" : "GND",
			"Physical" : null
		},
		{
			"Name" : "U3.13.2",
			"C_PATH" : "@bpollock_subsystem.schematic1(sch_1):ins61887@ifx9201sgauma1_motordriver.\\ifx9201sgauma1.normal\\(chips):\\ep#13.2\\",
			"Logical" : "GND",
			"Physical" : null
		},
		{
			"Name" : "U3.6",
			"C_PATH" : "@bpollock_subsystem.schematic1(sch_1):ins61887@ifx9201sgauma1_motordriver.\\ifx9201sgauma1.normal\\(chips):GND",
			"Logical" : "GND",
			"Physical" : null
		},
		{
			"Name" : "U3.5",
			"C_PATH" : "@bpollock_subsystem.schematic1(sch_1):ins61887@ifx9201sgauma1_motordriver.\\ifx9201sgauma1.normal\\(chips):OUT1",
			"Logical" : "OUT1A",
			"Physical" : null
		},
		{
			"Name" : "U3.4",
			"C_PATH" : "@bpollock_subsystem.schematic1(sch_1):ins61887@ifx9201sgauma1_motordriver.\\ifx9201sgauma1.normal\\(chips):VS",
			"Logical" : "N63666",
			"Physical" : null
		},
		{
			"Name" : "U3.9",
			"C_PATH" : "@bpollock_subsystem.schematic1(sch_1):ins61887@ifx9201sgauma1_motordriver.\\ifx9201sgauma1.normal\\(chips):",
			"Logical" : "RA0-CSN1",
			"Physical" : null
		},
		{
			"Name" : "U4.7",
			"C_PATH" : "@bpollock_subsystem.schematic1(sch_1):ins66196@ifx9201sgauma1_motordriver.\\ifx9201sgauma1.normal\\(chips):OUT2",
			"Logical" : "OUT2B",
			"Physical" : null
		},
		{
			"Name" : "U4.2",
			"C_PATH" : "@bpollock_subsystem.schematic1(sch_1):ins66196@ifx9201sgauma1_motordriver.\\ifx9201sgauma1.normal\\(chips):VSO",
			"Logical" : "3.3V",
			"Physical" : null
		},
		{
			"Name" : "U4.13",
			"C_PATH" : "@bpollock_subsystem.schematic1(sch_1):ins66196@ifx9201sgauma1_motordriver.\\ifx9201sgauma1.normal\\(chips):\\ep#13\\",
			"Logical" : "GND",
			"Physical" : null
		},
		{
			"Name" : "U4.13.1",
			"C_PATH" : "@bpollock_subsystem.schematic1(sch_1):ins66196@ifx9201sgauma1_motordriver.\\ifx9201sgauma1.normal\\(chips):\\ep#13.1\\",
			"Logical" : "GND",
			"Physical" : null
		},
		{
			"Name" : "U4.13.2",
			"C_PATH" : "@bpollock_subsystem.schematic1(sch_1):ins66196@ifx9201sgauma1_motordriver.\\ifx9201sgauma1.normal\\(chips):\\ep#13.2\\",
			"Logical" : "GND",
			"Physical" : null
		},
		{
			"Name" : "U4.6",
			"C_PATH" : "@bpollock_subsystem.schematic1(sch_1):ins66196@ifx9201sgauma1_motordriver.\\ifx9201sgauma1.normal\\(chips):GND",
			"Logical" : "GND",
			"Physical" : null
		},
		{
			"Name" : "U4.11",
			"C_PATH" : "@bpollock_subsystem.schematic1(sch_1):ins66196@ifx9201sgauma1_motordriver.\\ifx9201sgauma1.normal\\(chips):DIS",
			"Logical" : "GND",
			"Physical" : null
		},
		{
			"Name" : "U4.1",
			"C_PATH" : "@bpollock_subsystem.schematic1(sch_1):ins66196@ifx9201sgauma1_motordriver.\\ifx9201sgauma1.normal\\(chips):DIR",
			"Logical" : "GND",
			"Physical" : null
		},
		{
			"Name" : "U4.12",
			"C_PATH" : "@bpollock_subsystem.schematic1(sch_1):ins66196@ifx9201sgauma1_motordriver.\\ifx9201sgauma1.normal\\(chips):PWM",
			"Logical" : "GND",
			"Physical" : null
		},
		{
			"Name" : "U4.5",
			"C_PATH" : "@bpollock_subsystem.schematic1(sch_1):ins66196@ifx9201sgauma1_motordriver.\\ifx9201sgauma1.normal\\(chips):OUT1",
			"Logical" : "OUT2A",
			"Physical" : null
		},
		{
			"Name" : "U4.4",
			"C_PATH" : "@bpollock_subsystem.schematic1(sch_1):ins66196@ifx9201sgauma1_motordriver.\\ifx9201sgauma1.normal\\(chips):VS",
			"Logical" : "N66749",
			"Physical" : null
		},
		{
			"Name" : "U4.3",
			"C_PATH" : "@bpollock_subsystem.schematic1(sch_1):ins66196@ifx9201sgauma1_motordriver.\\ifx9201sgauma1.normal\\(chips):SO",
			"Logical" : "RB2-SDI2",
			"Physical" : null
		},
		{
			"Name" : "U4.8",
			"C_PATH" : "@bpollock_subsystem.schematic1(sch_1):ins66196@ifx9201sgauma1_motordriver.\\ifx9201sgauma1.normal\\(chips):SI",
			"Logical" : "RB3-SDO2",
			"Physical" : null
		},
		{
			"Name" : "U4.10",
			"C_PATH" : "@bpollock_subsystem.schematic1(sch_1):ins66196@ifx9201sgauma1_motordriver.\\ifx9201sgauma1.normal\\(chips):SCK",
			"Logical" : "RB1-CSK2",
			"Physical" : null
		},
		{
			"Name" : "U4.9",
			"C_PATH" : "@bpollock_subsystem.schematic1(sch_1):ins66196@ifx9201sgauma1_motordriver.\\ifx9201sgauma1.normal\\(chips):",
			"Logical" : "RA1-CSN2",
			"Physical" : null
		}
	]
}
