<?xml version="1.0" encoding="UTF-8"?>
<project-private xmlns="http://www.netbeans.org/ns/project-private/1">
    <editor-bookmarks xmlns="http://www.netbeans.org/ns/editor-bookmarks/2" lastBookmarkId="0"/>
    <open-files xmlns="http://www.netbeans.org/ns/projectui-open-files/2">
        <group>
            <file>file:/C:/Users/bradp/OneDrive/Documents/2025%20Spring%20Software%20development/MPLABXProjects/PIC%20Projects%202025%20Spring/Final_Project.X/mcc_generated_files/system/src/pins.c</file>
            <file>file:/C:/Users/bradp/OneDrive/Documents/2025%20Spring%20Software%20development/MPLABXProjects/PIC%20Projects%202025%20Spring/Final_Project.X/mcc_generated_files/system/pins.h</file>
            <file>file:/C:/Users/bradp/OneDrive/Documents/2025%20Spring%20Software%20development/MPLABXProjects/PIC%20Projects%202025%20Spring/Final_Project.X/mcc_generated_files/spi/spi1.h</file>
            <file>file:/C:/Users/bradp/OneDrive/Documents/2025%20Spring%20Software%20development/MPLABXProjects/PIC%20Projects%202025%20Spring/Final_Project.X/main.c</file>
        </group>
    </open-files>
</project-private>
